angle_knee,angle_hip,angle_elbow,label
154.62276551149287,168.17785597885631,85.08317366142364,pushup
172.6916791022234,170.72415856787578,75.82100581251001,pushup
85.84423908124715,84.00339691705364,159.60893475297618,squat
